title,type,plot,genre,released,status,other_names,image_dir
.Hack//G.U. Returner, Movie," hack//G.U. Returner is a single-episode OVA offered to fans who completed all three GU Games, featuring characters from the .hack//G.U. Games and .hack//Roots."," Adventure, Drama, Game, Harem, Martial Arts, Seinen", 2007, Completed, .HACK//G.U. RETURNER,C:\Users\Oloye\Desktop\gogo_anime\HackGU_Returner.jpg
.hack//G.U. Trilogy, Movie," Based on the CyberConnect2 HIT GAME, now will be released in a CG Movie! The Movie will be placed in the storyline of each .hack//G.U. games trilogy. The story follows Haseo, a player in the online MMORPG called The World"," Action, Game, Harem, Seinen", 2008, Completed, .hack//G.U. Trilogy,C:\Users\Oloye\Desktop\gogo_anime\hackGU_Trilogy.jpg
.hack//Gift, OVA," As an expression of gratitude for the heroes of both the "".hack//Sign"" and the "".hack"" game series, Helba has prepared a special event for all the characters to find the newly established ""Twilight Hot Springs."" The characters can get their well deserved rest and relaxation by having a soak in the wonderful hot springs, but there is only one problem—the hot springs are hidden and there have been mysterious player murders. With the only clue being the word “GIFT,"" the race has begun to find the culprit and the location of the hot springs."," Comedy, Fantasy, Game", 2003, Completed, .hack//Gift,C:\Users\Oloye\Desktop\gogo_anime\hackGift.jpg
.hack//Legend of the Twilight, TV Series, .hack//Legend of the Twilight," Adventure, Comedy, Fantasy, Sci-Fi, Shounen", 2003, Completed," .hack//Tasogare no Udewa Densetsu, .hack//Udeden, .hack//Legend of the Twilight Bracelet, .hack//DUSK, .hack//黄昏の腕輪伝説",C:\Users\Oloye\Desktop\gogo_anime\hackLegend_of_the_Twilight.jpg
.hack//Liminality, TV Series," The story follows three girls, Mai Minase, Yuki Aihara, and Kyoko Tohno, and a former CC Corp. director of the Japanese version of The World, Junichiro Tokuoka. They investigate as to why several people have fallen into a coma while playing the game. The amine starts with the collapse of Mai and her boyfriend, (Tomonari Kasumi). It is soon revealed that she heard a certain sound (which is also present at important points in .hack//Sign) shortly before collapsing. She later wakes up to the same sound, the sound that tunes. “A In C Minor”. Through the knowledge of all the the characters, the constantly search for the answer to why there have been so many victims due to “The World”. Will they be able to battle something that doesn’t even exist in the real world? Genre"," Mystery, Sci-Fi", 2002, Completed, Hack OVA,C:\Users\Oloye\Desktop\gogo_anime\hackLiminality.jpg
.hack//Liminality (Dub), OVA," While playing the newly released MMORPG ""The World,"" Minase Mai and Tomonari Kasumi collapsed in the real world and were sent to the hospital after hearing a mysterious sound. Only Mai had recovered while her friend Kasumi had slipped into a mysterious coma. Mai is later approached by the creator of ""The World,"" Tokuoka Junichiro, who unveils to her that, just like her friend, six other players across the country had also collapsed while playing ""The World"" and are now in mysterious comas. What exactly is ""The World,"" what is this mysterious sound Mai keeps on hearing, and why are people slipping into comas from this game? Minase, Junichiro and their acquaintances set off to get to the bottom of this problem before any further harm happens."," Game, Mystery, Sci-Fi", 2002, Completed,,C:\Users\Oloye\Desktop\gogo_anime\hackLiminality_Dub.jpg
.hack//Quantum, TV Series, Plot Summary," Action, Adventure, Fantasy, Sci-Fi", 2011, Completed, .hack//Quantum,C:\Users\Oloye\Desktop\gogo_anime\hackQuantum.jpg
.hack//Roots, TV Series," hack//Roots is the prequel to the .hack// videogames. It follows the story of Haseo a member of the Twilight Brigade guild. In the year 2015 the C.C. Corp’s building was burned down, and with it most of the data for “The World” was lost. By mixing the remaining data with that of another game, the C.C. Corp was able to create the game, “The World"," Adventure, Drama, Fantasy, Game, Sci-Fi", 2006, Completed, .hack//Roots,C:\Users\Oloye\Desktop\gogo_anime\hackRoots.jpg
.hack//Roots (Dub), TV Series," After the destruction of ""The World"" in 2015, CC Corporation rebuilt the game using data from what was previously to be another game. ""The World R"," Adventure, Drama, Fantasy, Game, Sci-Fi", 2006, Completed, .hack//Roots,C:\Users\Oloye\Desktop\gogo_anime\hackRoots_Dub.jpg
.Hack//Sign, TV Series," Taking place 2 years after the “Pluto’s Kiss” crisis. “The World” once again returns. This time being the only PC game in existence. Tsubasa a boy who started playing only a few weeks before, finds himself taken to a mysterious zone, where he meets Aura, Morganna, and a mysterious player that has the appearance of a cat. Soon after realizing that he can’t logout, he is forced to stay in “The World”, but unlike other characters he can still feel pain, he still has his emotions. He slowly separates himself from those who try to help him, the only ones that can help him. His friends Bear and Black Rose, constantly try to comfort him in his struggle, but he always pushes them away. He only wants to search for the answer to why he can’t logout, and to the real question of who he really is. Genre"," Adventure, Fantasy, Magic, Mystery, Sci-Fi", 2002, Completed, .hack//SIGN,C:\Users\Oloye\Desktop\gogo_anime\HackSign.jpg
.hack//Sign (Dub), TV Series," A young wavemaster, only known by the alias of Tsukasa, wakes up in an MMORPG called The World, with slight amnesia. He does not know what he has previously done before he woke up. In The World, he is suspected to be a hacker of the Crimson Knights, as he was seen accompanying a tweaked character in the form of a cat. Unable to log out from the game, he wanders around looking for answers, avoiding the knights and other players he meets along the way. As Tsukasa explores The World, he stumbles upon a magical item that takes the form of a 'guardian', which promises him protection from all harm. Subaru, the leader of the Crimson Knights, along with several other players who became acquainted with Tsukasa, set out to investigate why Tsukasa is unable to log out, and attempt to get to the bottom of the problem before it gets out of hand."," Adventure, Fantasy, Magic, Mystery, Sci-Fi", 2006, Completed, .hack//SIGN,C:\Users\Oloye\Desktop\gogo_anime\hackSign_Dub.jpg
.hack//Tasogare no Udewa Densetsu (Dub), TV Series," Winning the legendary characters ""Kite"" and ""Black Rose"" from an event held by the creators of the MMORPG ""The World,"" Shugo and his twin sister Rena steps into ""The World."" Together they completed events and quests, along with their new friends Ouka, Mirelle, Hotaru, and Sanjuro. Soon after, mysterious monsters appeared, and death by these monsters caused players to slip into a coma in the real world. Only Shugo and Rena can solve this problem, but why are they being targeted, and what secrets is the game hiding?"," Adventure, Comedy, Fantasy, Game, Sci-Fi, Shounen", 2003, Completed," .hack//Legend Of The Twilight, .hack//黄昏の腕輪伝説",C:\Users\Oloye\Desktop\gogo_anime\hackTasogare_no_Udewa_Densetsu_Dub.jpg
.hack//The Movie: Sekai no Mukou ni, Movie, .hack//The Movie," Action, Adventure, Fantasy, Game, Mystery, Sci-Fi", 2012, Completed," .hack//Beyond the World, .hack//The Movie セカイの向こうに",C:\Users\Oloye\Desktop\gogo_anime\hackThe_Movie_Sekai_no_Mukou_ni.jpg
"""Bungaku Shoujo"" Kyou no Oyatsu: Hatsukoi", OVA," Short episode bundled with the limited edition release of ""Bungaku Shoujo"" Minarai no, Shoushin."," Comedy, Fantasy, School", 2009, Completed," Bungaku Shoujo OVA, Book Girl OVA, Literature Girl OVA, Bungaku Shoujo",C:\Users\Oloye\Desktop\gogo_anime\Bungaku_Shoujo_Kyou_no_Oyatsu_Hatsukoi.jpg
"""Eiyuu"" Kaitai", OVA," Uro Yamada works as part of the ""Hero Retirement and Return to Everyday Life Assistance Agency,"" which takes heroes from another world back to Earth and helps them reintegrate into everyday life."," Comedy, Drama", 2017, Completed," ""Heroes"" Dismissed, 「英雄」解体",C:\Users\Oloye\Desktop\gogo_anime\Eiyuu_Kaitai.jpg
"""Oshi no Ko""", Spring 2023 Anime," Sixteen-year-old Ai Hoshino is a talented and beautiful idol who is adored by her fans. She is the personification of a pure, young maiden. But all that glitters is not gold. Gorou Amemiya is a countryside gynecologist and a big fan of Ai. So when the pregnant idol shows up at his hospital, he is beyond bewildered. Gorou promises her a safe delivery. Little does he know, an encounter with a mysterious figure would result in his untimely death—or so he thought. Opening his eyes in the lap of his beloved idol, Gorou finds that he has been reborn as Aquamarine Hoshino—Ai's newborn son! With his world turned upside down, Gorou soon learns that the world of showbiz is paved with thorns, where talent does not always beget success. Will he manage to protect Ai's smile that he loves so much with the help of an eccentric and unexpected ally?"," Drama, Supernatural", 2023, Completed, 【推しの子】/【我推的孩子】/【최애의 아이】/ [Oshi No Ko] / My Star,C:\Users\Oloye\Desktop\gogo_anime\Oshi_no_Ko.jpg
"""Oshi no Ko"" (Dub)", Spring 2023 Anime," Sixteen-year-old Ai Hoshino is a talented and beautiful idol who is adored by her fans. She is the personification of a pure, young maiden. But all that glitters is not gold. Gorou Amemiya is a countryside gynecologist and a big fan of Ai. So when the pregnant idol shows up at his hospital, he is beyond bewildered. Gorou promises her a safe delivery. Little does he know, an encounter with a mysterious figure would result in his untimely death—or so he thought. Opening his eyes in the lap of his beloved idol, Gorou finds that he has been reborn as Aquamarine Hoshino—Ai's newborn son! With his world turned upside down, Gorou soon learns that the world of showbiz is paved with thorns, where talent does not always beget success. Will he manage to protect Ai's smile that he loves so much with the help of an eccentric and unexpected ally?"," Drama, Dub, Reincarnation, Seinen, Showbiz, Supernatural", 2023, Ongoing, 【推しの子】/【我推的孩子】/【최애의 아이】/ [Oshi No Ko] / My Star,C:\Users\Oloye\Desktop\gogo_anime\Oshi_no_Ko_Dub.jpg
009 Re:Cyborg, Movie," Nine regular humans from different parts of the world are abducted and transformed into cyborgs with astounding powers for the purpose of being used as weapons. The nine cyborgs rebel and start to fight against their creators in the name of justice and world peace. Decades later, the nine cyborgs seem to be untouched by time, but they live in a world where ""justice"" has as many nuances as the number of people living on the planet. What is their place in the world now?"," Action, Adventure, Mecha, Sci-Fi", 2012, Completed, 009 RE,C:\Users\Oloye\Desktop\gogo_anime\009_ReCyborg.jpg
009 Re:Cyborg (Dub), Movie," Nine regular humans from different parts of the world are abducted and transformed into cyborgs with astounding powers for the purpose of being used as weapons. The nine cyborgs rebel and start to fight against their creators in the name of justice and world peace. Decades later, the nine cyborgs seem to be untouched by time, but they live in a world where ""justice"" has as many nuances as the number of people living on the planet. What is their place in the world now? ""In the beginning was the Voice, and the word was Him; and all obeyed His word in great awe. But those who dwelt upon the land, through vanity, cunning and greed, attempted to build a multitude of towers whose tops reached unto heaven, and accumulated great wealth on earth. Scattering across the land and laying it to waste, man turned a deaf ear to His Voice. So He gave unto man an opportunity to atone for his misdeeds; and flame and smoke and the roar of a lion descended upon earth; and shattered the many towers to dust...."""," Action, Adventure, Mecha, Sci-Fi", 2012, Completed, 009 RE,C:\Users\Oloye\Desktop\gogo_anime\009_ReCyborg_Dub.jpg
009-1, TV Series," In an alternate world, the Cold War has continued to persist for 140 years. As a result, the world was divided into two factions"," Action, Mecha, Sci-Fi", 2006, Completed," Zero Zero Nine One, ゼロゼロナインワン",C:\Users\Oloye\Desktop\gogo_anime\0091.jpg
009-1 (Dub), TV Series," Mylene Hoffman, a beautiful cyborg spy with the codename ""009-1"" lives in an alternative world where the cold war never ended, continuously on-going for 140 years. The world is split into two factions, the West and the East block. A masquerade of peace between the two is slowly dissipated as the conflict occurs. Through politics, the two factions battle over supremacy over technology to threats of a nuclear attack. Mylene Hoffman, teaming up with three other agent, gets surrounded by deception, chaos and rivalry as she carries out missions assigned by her superiors."," Action, Mecha, Sci-Fi", 2006, Completed," Zero Zero Nine One, ゼロゼロナインワン",C:\Users\Oloye\Desktop\gogo_anime\0091_Dub.jpg
07-GHOST, TV Series," Out of 500 students in the military academy, only 20 will pass the difficult graduation exam to become begleiters (Assistant Executive Officers). Teito Klein, the chairman’s favorite, is one of them. He is disliked by the other students because of his relations with the chairman and his mysterious past. After Teito and his best from, Mikage, finish the first phase, Teito begins to have strange dreams again about a man. Later on he eavesdrops on people talking about him. During this conversation, Teito recognizes the man in his dreams and another man that killed him. When he is caught he is sent to prison, but escapes with the help of his best friend. Teito left Mikage and was found falling from the sky and unconscious by a group of guys. Genre"," Action, Demons, Fantasy, Military, Shoujo", 2009, Completed," 07 Ghost, Seven Ghost, 7 Ghosts, The Seven Ghosts, セブンゴースト",C:\Users\Oloye\Desktop\gogo_anime\07GHOST.jpg
1-gatsu ni wa Christmas, OVA," Nobumasa is a boy who works part-time in a shoe store, where he meets Mizuki, a girl whose abusive family life has left her unable to trust other people. Meanwhile, Nobumasa is unaware that another girl, Seiko, has a crush on him but is unable to express her feelings."," Drama, Romance", 1991, Completed," Christmas in January, 1月にはChristmas",C:\Users\Oloye\Desktop\gogo_anime\1gatsu_ni_wa_Christmas.jpg
100-man no Inochi no Ue ni Ore wa Tatteiru, Fall 2020 Anime," Yotsuya Yuusuke along with his classmates Shindou Iu and Hakozaki Kusue have been transported to a strange and unknown world inhabited by mythological creatures. As soon as they arrive, they meet somebody calling himself the Game Master who then grants them a time-limited quest. To aid them in this quest, he also bestows Shindou and Hakozaki with the roles of a Magician and a Warrior while Yotsuya is randomly granted the role of... a Farmer?! This is how a hectic life of adventuring began for three students who now have no choice, but to complete random quests for several phases in the fantasy world if they want to stay alive and protect the real world from the demons and monsters they encounter."," Action, Drama, Fantasy, Game, Shounen", 2020, Completed," I'm standing on 1,000,000 lives., 100万の命の上に俺は立っている",C:\Users\Oloye\Desktop\gogo_anime\100man_no_Inochi_no_Ue_ni_Ore_wa_Tatteiru.jpg
100-man no Inochi no Ue ni Ore wa Tatteiru (Dub), Fall 2020 Anime," Yotsuya Yuusuke along with his classmates Shindou Iu and Hakozaki Kusue have been transported to a strange and unknown world inhabited by mythological creatures. As soon as they arrive, they meet somebody calling himself the Game Master who then grants them a time-limited quest. To aid them in this quest, he also bestows Shindou and Hakozaki with the roles of a Magician and a Warrior while Yotsuya is randomly granted the role of... a Farmer?! This is how a hectic life of adventuring began for three students who now have no choice, but to complete random quests for several phases in the fantasy world if they want to stay alive and protect the real world from the demons and monsters they encounter."," Action, Drama, Fantasy, Game, Shounen", 2020, Completed," I'm standing on 1,000,000 lives., 100万の命の上に俺は立っている",C:\Users\Oloye\Desktop\gogo_anime\100man_no_Inochi_no_Ue_ni_Ore_wa_Tatteiru_Dub.jpg
100-man no Inochi no Ue ni Ore wa Tatteiru 2nd Season, Summer 2021 Anime, Second season of 100-man no Inochi no Ue ni Ore wa Tatteiru.," Action, Drama, Fantasy, Game, Shounen", 2021, Completed," I'm standing on 1,000,000 lives; I'm Standing on a Million Lives 2nd Season; 100万の命の上に俺は立っている",C:\Users\Oloye\Desktop\gogo_anime\100man_no_Inochi_no_Ue_ni_Ore_wa_Tatteiru_2nd_Season.jpg
100-man no Inochi no Ue ni Ore wa Tatteiru 2nd Season (Dub), Summer 2021 Anime, Second season of 100-man no Inochi no Ue ni Ore wa Tatteiru.," Action, Drama, Fantasy, Game, Shounen", 2021, Completed," I’m Standing on a Million Lives Season 2, 100万の命の上に俺は立っている",C:\Users\Oloye\Desktop\gogo_anime\100man_no_Inochi_no_Ue_ni_Ore_wa_Tatteiru_2nd_Season_Dub.jpg
"100,000 Levels of Body Refining : All the dogs I raise are the Emperor", ONA,," Action, Comedy, Harem, Martial Arts, Shounen", 2021, Ongoing, One Hundred Thousand Layers of Body Refining,C:\Users\Oloye\Desktop\gogo_anime\100000_Levels_of_Body_Refining__All_the_dogs_I_raise_are_the_Emperor.jpg
100% Pascal-sensei, Spring 2017 Anime," The story centers around an elementary school teacher who is so stupid that he cannot even write his own name. He does whatever he likes in his classroom. Plus, by all appearances, he is not human.", Comedy, 2017, Completed, 100%パスカル先生,C:\Users\Oloye\Desktop\gogo_anime\100_Pascalsensei.jpg
100% Perfect Love, ONA," Butong is perhaps the unluckiest person in the world. She was betrayed twice – her undisclosed fiancé has an affair with her friend! She knows Master Li is only keen on the money of Family Bu. But the Grandpa Bu has a strong and sincere relationship with Grandpa Li and Grandpa Bu is not willing to break the engagement. Since she can do nothing about the engagement, she just wants another man to marry-Li Jingchen, the enemy of Li Siyuan and the man who is the most powerful in the kingdom. After several discussions, Butong marries Li Jingchen quickly and she becomes Li Siyuan’s aunt-in-law. Do you really want to hurt me? We will just wait and see who is the final winner of the battle of love."," Comedy, Romance", 2020, Completed,,C:\Users\Oloye\Desktop\gogo_anime\100_Perfect_Love.jpg
1001 Nights, Movie," Presented in the form of a feverish love dream, 1001 Nights is the first performance of the ground-breaking ""Filmharmonic"" series, which presents new orchestral works by film composers in tandem with short films made by A-list directors. Nights is the series' only animated work, and plans originally called for the film to be completely computer animated."," Demons, Fantasy", 1999, Completed, 1001 Nights,C:\Users\Oloye\Desktop\gogo_anime\1001_Nights.jpg
1001 Nights (Dub), Movie," Presented in the form of a feverish love dream, 1001 Nights (based on Amano`s book of artwork) is the first performance of the groundbreaking ""Filmharmonic"" series, which presents new orchestral works by film composers in tandem with short films made by A-list directors. Nights is the series's only animated work, and plans originally called for the film to be completely computer animated."," Demons, Fantasy, Romance, Seinen", 1999, Completed, 1001 Nights,C:\Users\Oloye\Desktop\gogo_anime\1001_Nights_Dub.jpg
11eyes, TV Series," Satsuki Kakeru lost his sister by suicide and has been living a dull life ever since then. One day, he is transported into a bizarre world “Red Night” along with his friend Minase Yuka. In order to survive and escape from Red Night, he fights against Dark Spirits (Ralva) and Black Nights Genres"," Action, Ecchi, Super Power, Supernatural", 2009, Completed," 11eyes -Tsumi to Batsu to Aganai no Shoujo-, イレブンアイズ",C:\Users\Oloye\Desktop\gogo_anime\11eyes.jpg
12-sai.: Chicchana Mune no Tokimeki, Spring 2016 Anime," The story begins with Hanabi, a sixth-grade girl who is neither an adult nor a child. She deals with issues such as accidentally witnessing her homeroom teacher kissing, and worrying about experiencing physiological changes before her friends. The series depicts a 12-year-old girl's innocent worries and first love."," Romance, School, Shoujo", 2016, Completed," Age 12., Juuni-sai., 12歳。～ちっちゃなムネのトキメキ～",C:\Users\Oloye\Desktop\gogo_anime\12sai_Chicchana_Mune_no_Tokimeki.jpg
12-sai.: Chicchana Mune no Tokimeki 2nd Season, Fall 2016 Anime," The story begins with Hanabi, a sixth-grade girl who is neither an adult nor a child. She deals with issues such as accidentally witnessing her homeroom teacher kissing, and worrying about experiencing physiological changes before her friends. The series depicts a 12-year-old girl's innocent worries and first love."," Romance, School, Shoujo", 2016, Completed," Age 12., Juuni-sai., 12歳。～ちっちゃなムネのトキメキ～",C:\Users\Oloye\Desktop\gogo_anime\12sai_Chicchana_Mune_no_Tokimeki_2nd_Season.jpg
"12-sai.: Kiss, Kirai, Suki", OVA," The story begins with Hanahi, a sixth-grade girl who is neither an adult nor a child. She deals with issues such as accidentally witnessing her homeroom teacher kissing, and worrying about experiencing physiological changes before her friends. The manga depicts a 12-year-old girl's innocent worries and first love."," Romance, School, Shoujo", 2014, Completed," Juuni-sai., 12歳。, 12-sai OVA",C:\Users\Oloye\Desktop\gogo_anime\12sai_Kiss_Kirai_Suki.jpg
16bit Sensation, TV Series," Devote your youth to developing a lovely bishoujo game that will make players fall in love!"" Meiko Uehara, a college student, began working part-time at a computer store in 1992. However, behind the scenes, the shop was an erotic game maker specializing in bishoujo games. Meiko, a talented artist, is suddenly hired as a substitute graphic designer after the staff flees, even though she has never drawn an R-18 illustration before. Will she be able to complete the eroge successfully?! With a 16-bit PC as her partner, her career as a creator begins", Comedy, 0, Upcoming, 16bitセンセーション,C:\Users\Oloye\Desktop\gogo_anime\16bit_Sensation.jpg
180 Byou de Kimi no Mimi wo Shiawase ni Dekiru ka?, Fall 2021 Anime," ASMR or Autonomous Sensory Meridian Response is the nerve-tingling or relaxing response and sensation one gets to stimuli such as certain sounds or sights. As the title indicates, the anime will let viewers experience ASMR in 180 seconds. In the story, the heroine challenges her classmates to share in her hobby of recording ASMR works.", Slice of Life, 2021, Completed," Can I Make Your Ears Happy in 180 Seconds?, 180秒で君の耳を幸せにできるか?",C:\Users\Oloye\Desktop\gogo_anime\180_Byou_de_Kimi_no_Mimi_wo_Shiawase_ni_Dekiru_ka.jpg
18if, Summer 2017 Anime, Part of a multi-media project that also includes a mobile game and a virtual reality game., Game, 2017, Completed, 18if,C:\Users\Oloye\Desktop\gogo_anime\18if.jpg
18if (Dub), Summer 2017 Anime, Part of a multi-media project that also includes a mobile game and a virtual reality game., Game, 2017, Completed, 18if,C:\Users\Oloye\Desktop\gogo_anime\18if_Dub.jpg
2 x 2 Shinobuden, TV Series," Shinobu is a naive ninja-in-training. In order to test her ninja abilites, she must steal the panties of all the high school girls. The first house she stops at is the abode of one Kaede Shiranui, who happens to catch Shinobu in the act. Kaeda is the voice of reason and the two girls become quick friends, despite a round yellow ball-thing who claims to be a ninja master and tries to get in the way of their friendship. Genre"," Comedy, Martial Arts, Parody", 2004, Completed," Ninin ga Shinobuden, Ninja Nonsense, 2x2=Shinobuden, 2x2 Shinobuden, 2 X 2 = The Legend of Shinobu, Ninin ga Shinobuden",C:\Users\Oloye\Desktop\gogo_anime\2_x_2_Shinobuden.jpg
2.43: Seiin Koukou Danshi Volley-bu, Winter 2021 Anime," High school student Kimichika Haijima moves back to his hometown, Fukui, after causing trouble in the Tokyo Junior High School volleyball club. There, he is reunited with his childhood friend, Yunii Kuroba, who possesses outstanding physical abilities, but is vulnerable under pressure. Haijima, with his overwhelming passion and talent for volleyball, forms an ace combination with Kuroba. The two enroll at Seiin High School, where they join the volleyball club. Awaiting them are the 163 cm hot-blooded captain Shinichirou Oda, the talented and sharp-tongued vice-captain Misao Aoki and his third-year pair, and second-year students, including Akito Kanno, who is always wearing long sleeves due to his allergy to sunlight. The newborn team breaks its former shell of weakness and becomes Fukui's rising star. This is a certain team's journey to victory, with a series of fascinating rivals standing in their way."," School, Sports", 2021, Completed, 2.43 清陰高校男子バレー部,C:\Users\Oloye\Desktop\gogo_anime\243_Seiin_Koukou_Danshi_Volleybu.jpg
2.43: Seiin Koukou Danshi Volley-bu (Dub), Winter 2021 Anime," Genius setter Kimichika Haijima moves back to Fukui from Tokyo after an incident within his school's volleyball team forces him out. There, he is reunited with his childhood friend, Yuni Kuroba, a member of the Monshiro Middle School Boys' Volleyball Team, who is unaware of his own talents. Haijima notices Kuroba's abilities and is determined to form a new volleyball team with Kuroba as the team's ace. At the prefectural tournament, Kuroba crumbles under the pressure, which causes the Monshiro team to fall apart after losing. The loss also creates a rift between Haijima and Kuroba, leading the former to quit the team. Now, as students at Seiin High School, Haijima and Kuroba find themselves on the same volleyball team once again. Having learned from his past mistakes, Haijima helps Kuroba overcome his performance anxiety to become the ace and carry the team to the prefectural championship. With support from team captain Shinichirou Oda and vice captain Misao Aoki, Seiin aim to win the prefecturals and become Fukui's representatives at the Spring Tournament. To do this, they will need to beat Fukuho Technical High School, the reigning champions of Fukui. Will Haijima's team defeat the odds, or are they doomed to repeat his history of losing?"," Drama, School, Sci-Fi, Sports", 2021, Completed, 2.43,C:\Users\Oloye\Desktop\gogo_anime\243_Seiin_Koukou_Danshi_Volleybu_Dub.jpg
22/7, Winter 2020 Anime," TV Anime Series for Idol Group 22/7, Slated for January 2020.", Music, 2020, Completed,,C:\Users\Oloye\Desktop\gogo_anime\227.jpg
22/7: 8＋3=?, Special," Thirteenth episode included in sixth Blu-ray volume. This episode centers on the story of Mikami Kamiki, Yuuki Toujou, and Tsubomi Hiiragi.", Music, 2020, Completed," 22/7 Special, Nanabun no Nijyuuni Episode 13",C:\Users\Oloye\Desktop\gogo_anime\227_8＋3.jpg
3 Choume no Tama: Uchi no Tama Shirimasen ka?, TV Series," The characters are Tama, Momo, Wocket, Tiggle, Rockney, Pimmy, Bupkus, Bengpu, and Chopin. There is no consistent plot. Tama and his friends just have little, family friendly, adventures every episode. The only consistency is when a new friend is made one episode and flash backs.", Adventure, 1988, Completed," Tama and Friends, 3丁目のタマ うちのタマ知りませんか?",C:\Users\Oloye\Desktop\gogo_anime\3_Choume_no_Tama_Uchi_no_Tama_Shirimasen_ka.jpg
3 Choume no Tama: Uchi no Tama Shirimasen ka? (Dub), TV Series," The characters are Tama, Momo, Wocket, Tiggle, Rockney, Pimmy, Bupkus, Bengpu, and Chopin. There is no consistent plot. Tama and his friends just have little, family friendly, adventures every episode. The only consistency is when a new friend is made one episode and flash backs.", Adventure, 1988, Completed," San Choume no Tama Uchi no Tama Shirimasenka?, Tama & Friends, Teo and Friends, Sanchome no Tama",C:\Users\Oloye\Desktop\gogo_anime\3_Choume_no_Tama_Uchi_no_Tama_Shirimasen_ka_Dub.jpg
3 x 3 Eyes, TV Series," 3X3 Eyes is the story of a young man named Yakumo Fuuji, who through a strange series of events becomes the immortal slave of the last of a race of 3 Eyed immortals. The immortal absorbs his soul to save his life, making him immortal in the process. Now, he begins a journey with the female immortal in an attempt to find a way of becoming human. Of… more 3X3 Eyes is the story of a young man named Yakumo Fuuji, who through a strange series of events becomes the immortal slave of the last of a race of 3 Eyed immortals. The immortal absorbs his soul to save his life, making him immortal in the process. Now, he begins a journey with the female immortal in an attempt to find a way of becoming human. Of course, there are many complications along the way, not the least of which being that the immortal is a female with a split personality, one achingly cute and the other being no-nonsense destructive power, and the romances that develop between. less"," Action, Demons, Fantasy, Horror, Romance", 1991, Completed," Sazan Eyes, 3x3 Eyes",C:\Users\Oloye\Desktop\gogo_anime\3_x_3_Eyes.jpg
3-gatsu no Lion, Fall 2016 Anime," Rei Kiriyama is a 17-year-old boy who recently started living alone, financed by his salary as a professional Shogi player. Despite his independence, however, he's yet to mature emotionally, and his problems continue to haunt him in his daily life. His relationship with his adoptive family is strained, and he has difficulties interacting with his fellow high school students. Meanwhile, his professional career has entered a slump. Burdened with the heavy expectations placed on him as the fifth to become pro in middle school, his wins and losses are fluctuating as his record and progression into the ranks begin to stagnate. Acquainted with Rei are the three Kawamoto sisters"," Drama, Game, Seinen, Slice of Life", 2016, Completed," March Comes in Like a Lion, Sangatsu no Lion, ３月のライオン",C:\Users\Oloye\Desktop\gogo_anime\3gatsu_no_Lion.jpg
3-gatsu no Lion (Dub), TV Series," Having reached professional status in middle school, Rei Kiriyama is one of the few elite in the world of shogi. Due to this, he faces an enormous amount of pressure, both from the shogi community and his adoptive family. Seeking independence from his tense home life, he moves into an apartment in Tokyo. As a 17-year-old living on his own, Rei tends to take poor care of himself, and his reclusive personality ostracizes him from his peers in school and at the shogi hall. However, not long after his arrival in Tokyo, Rei meets Akari, Hinata, and Momo Kawamoto, a trio of sisters living with their grandfather who owns a traditional wagashi shop. Akari, the oldest of the three girls, is determined to combat Rei's loneliness and poorly sustained lifestyle with motherly hospitality. The Kawamoto sisters, coping with past tragedies, also share with Rei a unique familial bond that he has lacked for most of his life. As he struggles to maintain himself physically and mentally through his shogi career, Rei must learn how to interact with others and understand his own complex emotions."," Drama, Game, Seinen, Slice of Life", 2016, Completed," March comes in like a lion, Sangatsu no Lion, 3月のライオン",C:\Users\Oloye\Desktop\gogo_anime\3gatsu_no_Lion_Dub.jpg
3-gatsu no Lion 2nd Season, Fall 2017 Anime, The second season of 3-gatsu no Lion.," Drama, Game, Shounen, Slice of Life", 2017, Completed, 3月のライオン 2ndシーズン,C:\Users\Oloye\Desktop\gogo_anime\3gatsu_no_Lion_2nd_Season.jpg
3-gatsu no Lion 2nd Season (Dub), Fall 2017 Anime," Now in his second year of high school, Rei Kiriyama continues pushing through his struggles in the professional shogi world as well as his personal life. Surrounded by vibrant personalities at the shogi hall, the school club, and in the local community, his solitary shell slowly begins to crack. Among them are the three Kawamoto sisters—Akari, Hinata, and Momo—who forge an affectionate and familial bond with Rei. Through these ties, he realizes that everyone is burdened by their own emotional hardships and begins learning how to rely on others while supporting them in return. Nonetheless, the life of a professional is not easy. Between tournaments, championships, and title matches, the pressure mounts as Rei advances through the ranks and encounters incredibly skilled opponents. As he manages his relationships with those who have grown close to him, the shogi player continues to search for the reason he plays the game that defines his career."," Drama, Game, Seinen, Slice of Life", 2017, Completed," March Comes In Like A Lion 2nd Season, Sangatsu no Lion Second Season, 3月のライオン 第2シリーズ",C:\Users\Oloye\Desktop\gogo_anime\3gatsu_no_Lion_2nd_Season_Dub.jpg
3-Nen D-Gumi Glass no Kamen, Fall 2016 Anime, The series re-imagines the Glass Mask manga and its characters in a school gag comedy focused on satirizing modern society.," Comedy, Parody, School", 2016, Completed," The Glass Mask Year 3 Class D, ３ねんＤぐみガラスの仮面",C:\Users\Oloye\Desktop\gogo_anime\3Nen_DGumi_Glass_no_Kamen.jpg
3-nen Z-gumi Ginpachi-sensei, TV Series, The spin-off anime to Gintama follows Ginpachi Sakata as a teacher in Gintama High School., Comedy, 0, Upcoming, 3年Z組銀八先生,C:\Users\Oloye\Desktop\gogo_anime\3nen_Zgumi_Ginpachisensei.jpg
30-sai no Hoken Taiiku, TV Series, Plot Summary," Ecchi, Parody, Romance, Seinen", 2011, Completed," A Thirty-Year Old's Health and Physical Education, Sanjuu-sai no Hoken Taiiku, 30歳の保健体育",C:\Users\Oloye\Desktop\gogo_anime\30sai_no_Hoken_Taiiku.jpg
3000 Leagues in Search of Mother, TV Series," Haha wo Tazunete Sanzenri is about an Italian boy, Marco, and his journey in search of his mother. Italy was in a deep depression, so to support her family, Marco`s mother went to Argentina to work as a domestic (like Piccolo`s sons went to America to work in Porco Rosso). But after she wrote to her family that she was sick, her letters stopped coming. So Marco decides to go to Argentina to look for her. Marco has to travel across Argentina to find her, meeting many wonderful people, and encountering many adventures during his journey. Genre"," Adventure, Drama, Slice of Life", 1976, Completed," Haha wo Tazunete Sanzenri, Sekai Meisaku Gekijou, 3000 Leagues in Search of Mother, Marco, From the Appenines to the Andes, 母をたずねて三千里",C:\Users\Oloye\Desktop\gogo_anime\3000_Leagues_in_Search_of_Mother.jpg
30th Gundam Perfect Mission, OVA, 30th Gundam Perfect Mission is a short original video animation (OVA) officially released by Sunrise in celebration of the 30th anniversary of the Gundam metaseries. It features all the titular and mascot gundams of the main series in a non-cannon conjoint mission., Sci-Fi, 2009, Completed,,C:\Users\Oloye\Desktop\gogo_anime\30th_Gundam_Perfect_Mission.jpg
3D Kanojo: Real Girl, Spring 2018 Anime," Tsutsui Hikari is an otaku, and he mostly avoids social life. Hikari has only one friend at school, who is also a social misfit, and he is mocked brutally by most of his classmates for being creepy and weird. One day, he ends up having to clean the school pool with Igarashi Iroha, who appears to be pretty much everything he hates in real-life girls. She skips school, has a blunt manner, doesn't have female friends, and seems the sort to be promiscuous. However, she is friendly to Hikari, and even stands up to the people who make fun of him. Hikari's bitterness and trust issues lead him to say pretty harsh things to Iroha, but she never dismisses him as creepy. After a while, it starts to look like Iroha may become his first real-life, 3D girlfriend! Will he be able to handle it?"," Romance, School, Shoujo", 2018, Completed," 3D Girlfriend, ３Ｄ彼女　リアルガール",C:\Users\Oloye\Desktop\gogo_anime\3D_Kanojo_Real_Girl.jpg
3D Kanojo: Real Girl (Dub), TV Series," Tsutsui Hikari is an otaku, and he mostly avoids social life. Hikari has only one friend at school, who is also a social misfit, and he is mocked brutally by most of his classmates for being creepy and weird. One day, he ends up having to clean the school pool with Igarashi Iroha, who appears to be pretty much everything he hates in real-life girls. She skips school, has a blunt manner, doesn't have female friends, and seems the sort to be promiscuous. However, she is friendly to Hikari, and even stands up to the people who make fun of him. Hikari's bitterness and trust issues lead him to say pretty harsh things to Iroha, but she never dismisses him as creepy. After a while, it starts to look like Iroha may become his first real-life, 3D girlfriend! Will he be able to handle it?"," Romance, School, Shoujo", 2018, Completed, 3D彼女 リアルガール,C:\Users\Oloye\Desktop\gogo_anime\3D_Kanojo_Real_Girl_Dub.jpg
3D Kanojo: Real Girl 2nd Season, Winter 2019 Anime, Second season of 3D Kanojo," Romance, School, Shoujo", 2019, Completed, 3D彼女 リアルガール第2シーズン,C:\Users\Oloye\Desktop\gogo_anime\3D_Kanojo_Real_Girl_2nd_Season.jpg
3D Kanojo: Real Girl 2nd Season (Dub), Winter 2019 Anime, Second season of 3D Kanojo," Romance, School, Shoujo", 2019, Completed, 3D彼女 リアルガール第2シーズン,C:\Users\Oloye\Desktop\gogo_anime\3D_Kanojo_Real_Girl_2nd_Season_Dub.jpg
3x3 Eyes (Dub), OVA," 3X3 Eyes is the story of a young man named Yakumo Fuuji, who through a strange series of events becomes the immortal slave of the last of a race of 3 Eyed demons. The demon absorbs his soul to save his life, making him immortal in the process. Now, he begins a journey with the female demon in an attempt to find a way of becoming human. Of course, there are many complications along the way, not the least of which being that the demon is a female with a split personality, one achingly cute and the other being no-nonsense destructive power, and the romances that develop between."," Action, Demons, Fantasy, Horror, Romance", 1991, Completed, 3×3EYES,C:\Users\Oloye\Desktop\gogo_anime\3x3_Eyes_Dub.jpg
3x3 Eyes: Seima Densetsu, OVA," Yakumo has trained and searched for 4 years, following Pai's mysterious disappearance. However, when he finally finds her, not all is well as her memory seems to be gone. They attempt to return her memory by going to the Holy Land, birthplace of the immortal race of Sanjiyans."," Action, Adventure, Demons, Fantasy, Horror", 1995, Completed, 3x3 Eyes,C:\Users\Oloye\Desktop\gogo_anime\3x3_Eyes_Seima_Densetsu.jpg
3x3 Eyes: Seima Densetsu (Dub), OVA," Yakumo has trained and searched for 4 years, following Pai's mysterious disappearance. However, when he finally finds her, not all is well as her memory seems to be gone. They attempt to return her memory by going to the Holy Land, birthplace of the immortal race of Sanjiyans."," Action, Adventure, Demons, Fantasy, Horror, Romance", 1995, Completed, 3x3 Eyes,C:\Users\Oloye\Desktop\gogo_anime\3x3_Eyes_Seima_Densetsu_Dub.jpg
4-nin wa Sorezore Uso wo Tsuku, Fall 2022 Anime, The story of four friends who each have a secret they cannot share with each other.," Comedy, Shounen, Slice of Life", 2022, Completed, Four People and Their Respective Lies; ４人はそれぞれウソをつく,C:\Users\Oloye\Desktop\gogo_anime\4nin_wa_Sorezore_Uso_wo_Tsuku.jpg
40 Shuunen Da yo!! CoroCoro All-Star Shougakkou, ONA, Created In celebration of the 40th anniversary of the founding of Coro Coro Comics. The anime brings together many famous Coro Coro Comics characters. It takes place in an elementary school the characters attend.," Comedy, Parody, School", 2017, Completed, 40周年だよ!! コロコロオールスター小学校,C:\Users\Oloye\Desktop\gogo_anime\40_Shuunen_Da_yo_CoroCoro_AllStar_Shougakkou.jpg
5 Centimeters Per Second, Movie, Part 1 — The Chosen Cherry Blossoms (26 min.)," Drama, Romance, Slice of Life", 2007, Completed," Byousoku 5 Centimeter, Five Centimeters Per Second, Byousoku 5 Centimeter - a chain of short stories about their distance, 5 Centimetres Per Second, 5 cm per second, 秒速５センチメートル",C:\Users\Oloye\Desktop\gogo_anime\5_Centimeters_Per_Second.jpg
5 Centimeters per Second (Dub), Movie," Tohno Takaki and Shinohara Akari, two very close friends and classmates, are torn apart when Akari's family is transferred to another region of Japan due to her family's job. Despite separation, they continue to keep in touch through mail. When Takaki finds out that his family is also moving, he decides to meet with Akari one last time. As years pass by, they continue down their own paths, their distance slowly growing wider and their contact with one another fades. Yet, they keep remembering one another and the times they have shared together, wondering if they will have the chance to meet once again."," Drama, Romance, Slice of Life", 2007, Completed," Byousoku 5 Centimeter, Five Centimeters Per Second, Byousoku 5 Centimeter - a chain of short stories about their distance, 5 Centimetres Per Second, 5 cm per second, 秒速５センチメートル",C:\Users\Oloye\Desktop\gogo_anime\5_Centimeters_per_Second_Dub.jpg
5-toubun no Hanayome 2, Winter 2021 Anime, Second season of 5-toubun no Hanayome.," Comedy, Harem, Romance, School, Shounen", 2021, Completed," 5-toubun no Hanayome ∬, 五等分の花嫁∬, The Quintessential Quintuplets 2, Gotoubun no Hanayome 2",C:\Users\Oloye\Desktop\gogo_anime\5toubun_no_Hanayome_2.jpg
5-toubun no Hanayome 2 (Dub), Winter 2021 Anime, Second season of 5-toubun no Hanayome.," Comedy, Harem, Romance, School, Shounen", 2021, Completed," 5-toubun no Hanayome ∬, 五等分の花嫁∬, The Quintessential Quintuplets 2, Gotoubun no Hanayome 2",C:\Users\Oloye\Desktop\gogo_anime\5toubun_no_Hanayome_2_Dub.jpg
5-toubun no Hanayome Movie, Movie," Futaro has led five quintuplets to the point where they can graduate and pursue their own dreams. Now, finally, they had reached their final school festival. Having decided to make this occasion one to remember, Futaro searches for his feelings for the five quintuplets."," Comedy, Harem, Romance, School, Shounen", 2022, Completed," The Quintessential Quintuplets Movie, Gotoubun no Hanayome, The Five Wedded Brides, 映画 五等分の花嫁",C:\Users\Oloye\Desktop\gogo_anime\5toubun_no_Hanayome_Movie.jpg
5-toubun no Hanayome Movie (Dub), Movie," Futaro has led five quintuplets to the point where they can graduate and pursue their own dreams. Now, finally, they had reached their final school festival. Having decided to make this occasion one to remember, Futaro searches for his feelings for the five quintuplets."," Comedy, Harem, Romance, School, Shounen", 2022, Completed," The Quintessential Quintuplets Movie, Gotoubun no Hanayome, The Five Wedded Brides, The Quintessential Quintuplets, 映画 五等分の花嫁",C:\Users\Oloye\Desktop\gogo_anime\5toubun_no_Hanayome_Movie_Dub.jpg
5-toubun no Hanayome∽, TV Series, Featuring stories from the manga not adapted in the main anime.," Comedy, Romance", 0, Upcoming, The Quintessential Quintuplets~; 五等分の花嫁∽,C:\Users\Oloye\Desktop\gogo_anime\5toubun_no_Hanayome∽.jpg
6 Angels, Movie," In the near future, the death penalty has been revoked worldwide. Therefore, criminals are sent to an underground prison set in the impact crater of a nuclear site somewhere in the United States, known as Neo Purgatory. A group of women, known as the Guard of Rose, is caught in the crossfire when the mysterious villain Donn Canyon launches his mission to ""purify the world"" with radiation..."," Action, Sci-Fi", 2001, Completed," Six Angels, シックス・エンジェルズ",C:\Users\Oloye\Desktop\gogo_anime\6_Angels.jpg
6HP (Six Hearts Princess), Special," Six Hearts Princess, often called 6HP for short, is a Japanese animated series created by Takashi Murakami. It was originally supposed to air beginning in December 2016, but production was not complete, and only half an episode with unfinished art was aired, along with an apology and documentary. The complete version of the first episode was released in September of 2017.", Magic, 2016, Ongoing," 6♥Princess, 6 Princess, 6HP(シックスハートプリンセス)",C:\Users\Oloye\Desktop\gogo_anime\6HP_Six_Hearts_Princess.jpg
7 Seeds, ONA," 5.00 Ranked #10912Popularity #3842Members 11,927ONAGonzo Add to ListEpisodes"," Action, Adventure, Drama, Horror, Mystery, Psychological, Romance, Sci-Fi, Shoujo", 2019, Completed," Seven Seeds, セブンシーズ",C:\Users\Oloye\Desktop\gogo_anime\7_Seeds.jpg
7 Seeds (Dub), ONA," In the immediate future, a giant meteorite has collided with earth. All living organisms, including mankind, have been wiped off the face of the planet. The government, who had foreseen this outcome, took measures to counter the worst-case scenario. In particular was Project ""7SEEDS,"" in which five sets of seven young men and women were carefully selected and placed into teams (Spring, Summer A, Summer B, Autumn and Winter). Each participant was then put under cryogenic sleep in hopes of preserving the continued existence of mankind. When those men and women awoke, they found themselves suddenly thrust into a cruel world. While bereft and grieved over forever losing their loved ones, they sought to find ways to survive."," Adventure, Drama, Mystery, Psychological, Romance, Sci-Fi, Shoujo", 2019, Completed," Seven Seeds, 7SEEDS, セブンシーズ",C:\Users\Oloye\Desktop\gogo_anime\7_Seeds_Dub.jpg
7 Seeds 2nd Season, ONA, Second season of 7 Seeds.," Adventure, Drama, Mystery, Psychological, Romance, Sci-Fi, Shoujo", 2020, Completed," Seven Seeds 2nd Season, 7SEEDS",C:\Users\Oloye\Desktop\gogo_anime\7_Seeds_2nd_Season.jpg
7 Seeds 2nd Season (Dub), ONA, Second season of 7 Seeds.," Adventure, Drama, Mystery, Psychological, Romance, Sci-Fi, Shoujo", 2020, Completed," Seven Seeds 2nd Season, 7SEEDS",C:\Users\Oloye\Desktop\gogo_anime\7_Seeds_2nd_Season_Dub.jpg
77Danui Bimil, Movie," Sang-ho and Sun-ja are kidnapped by someone and live in brutal abuse while performing acrobatics in a circus troupe called the ""77th Dan"". One day their uncle comes to visit them and they try to escape, but when Sun-ja is captured by the circus, a black hooded person, the object of Japanese fear, suddenly appears to help them..."," Action, Adventure, Drama", 1978, Completed," 77 Group's Secret, Secret of 77 Dan, 77단의 비밀",C:\Users\Oloye\Desktop\gogo_anime\77Danui_Bimil.jpg
86, Spring 2021 Anime," The Republic of San Magnolia. For a long time, this country has been besieged by its neighbor, the Giadian Empire, which created a series of unmanned drones called the Legion. After years of painstaking research, the Republic finally developed autonomous drones of their own, turning the one-sided struggle into a war without casualties—or at least, that's what the government claims. In truth, there is no such thing as a bloodless war. Beyond the fortified walls protecting the eighty-five Republic territories lies the ""nonexistent"" Eighty-Sixth Sector. The young men and women of this forsaken land are branded the Eighty-Six and, stripped of their humanity, pilot the ""unmanned"" weapons into battle... Shinn directs the actions of a detachment of young Eighty-Sixers while on the battlefield. Lena is a ""handler"" who commands the detachment from the remote rear with the help of special communication. The farewell story of the severe and sad struggle of these two begins!"," Drama, Sci-Fi", 2021, Completed, Eighty Six; 86―エイティシックス―,C:\Users\Oloye\Desktop\gogo_anime\86.jpg
86 (Dub), TV Series," According to the Republic of San Magnolia, their ongoing war against the Giadian Empire has no casualties—however, that is mere propaganda. While the silver-haired Alba of the Republic's eighty-five sectors live safely behind protective walls, those of different appearances are interned in a secret eighty-sixth faction. Known within the military as the Eighty-Six, they are forced to fight against the Empire's autonomous Legion under the command of the Republican ""Handlers."" Vladilena Milizé is assigned to the Spearhead squadron to replace their previous Handler. Shunned by her peers for being a fellow Eighty-Six supporter, she continues to fight against their inhumane discrimination. Shinei Nouzen is the captain of the Spearhead squadron. Infamous for being the sole survivor of every squadron he's been in, he insists on shouldering the names and wishes of his fallen comrades. When the fates of these young souls from two different worlds collide, will it ignite the spark that lights their path to salvation, or will they burn themselves in the flames of despair?"," Action, Drama, Mecha, Military, Sci-Fi", 2021, Completed, 86―エイティシックス―,C:\Users\Oloye\Desktop\gogo_anime\86_Dub.jpg
86 Part 2, Fall 2021 Anime, Second cour of 86.," Action, Drama, Mecha, Military, Sci-Fi", 2021, Completed, 86―エイティシックス― ; 86 Eighty-Six,C:\Users\Oloye\Desktop\gogo_anime\86_Part_2.jpg
86 Part 2 (Dub), Fall 2021 Anime," The disappearance of the Spearhead Squadron beyond the horizon does little to hide the intensity of the Republic of San Magnolia's endless propaganda. Vladilena Milizé continues to operate as ""Handler One,"" the commander of yet another dehumanized 86th faction's squadron in the continuous war against the Legion. On the Western Front, Shinei Nouzen and his squad are quarantined in a military base controlled by the Federal Republic of Giad, formerly known as the Giadian Empire. The newly-established government grants the saved Eighty-Six full citizenship and freedom. Housed by the president Ernst Zimmerman himself, the group meets his adoptive daughter and the last Empress, Augusta Frederica Adel-Adler. However, within the calm of this tender society, Shinei and his team feel that their purpose is on the battlefield. Before long, they are once again in the midst of the Legion's onslaught as a part of the Federacy's Nordlicht Squadron, accompanied by Augusta Frederica. But, as history repeats itself, they realize that no matter the side, death and pain on the front lines are the only comfort they know."," Action, Drama, Mecha, Military, Sci-Fi", 2021, Completed," 86 Eighty-Six, 86―エイティシックス―",C:\Users\Oloye\Desktop\gogo_anime\86_Part_2_Dub.jpg
86 Special Edition: Senya ni Akaku Hinageshi no Saku, Special, 86 special edition.," Action, Drama, Military, Sci-Fi", 2021, Completed, 86-エイティシックス- Special Edition「戦野に紅く雛罌粟の咲く」,C:\Users\Oloye\Desktop\gogo_anime\86_Special_Edition_Senya_ni_Akaku_Hinageshi_no_Saku.jpg
91 Days, Summer 2016 Anime," The time is 1920, five years after National Prohibition Law took place at a city called Lorel in the United States. Main character Avilo arrives to join the Vampiro family mafia undercover in order to seek revenge of killers who killed his parents and brother in this mafia. A Killing starts kills. Revenge starts new revenge. A story of vengeance and sorrow starts now.", Drama, 2016, Completed, 91Days,C:\Users\Oloye\Desktop\gogo_anime\91_Days.jpg
91 Days (Dub), Summer 2016 Anime," The time is 1920, five years after National Prohibition Law took place at a city called Lorel in the United States. Main character Avilo arrives to join the Vampiro family mafia undercover in order to seek revenge of killers who killed his parents and brother in this mafia. A Killing starts kills. Revenge starts new revenge. A story of vengeance and sorrow starts now.", Drama, 2016, Completed, 91Days,C:\Users\Oloye\Desktop\gogo_anime\91_Days_Dub.jpg
91 Days Special, Special, Episode 13 of 91 Days.," Action, Drama, Historical", 2017, Completed, 91Days Day13,C:\Users\Oloye\Desktop\gogo_anime\91_Days_Special.jpg
A Channel, TV Series," Toeru takes a test so she can enter the same high school as Run, the girl she likes. She passes, but when she goes   to tell Run, she finds her hugging a girl she’s never seen before."," Comedy, School, Seinen, Slice of Life", 2011, Completed, A-Channel,C:\Users\Oloye\Desktop\gogo_anime\A_Channel.jpg
A Channel Ova, TV Series," Toeru takes a test so she can enter the same high school as Run, the girl she likes. She passes, but when she goes   to tell Run, she finds her hugging a girl she’s never seen before."," Comedy, School, Seinen, Slice of Life", 2012, Completed," A-Channel+smile, Aチャンネル+smile（プラス スマイル）",C:\Users\Oloye\Desktop\gogo_anime\A_Channel_Ova.jpg
A Channel Special, TV Series," Toeru takes a test so she can enter the same high school as Run, the girl she likes. She passes, but when she goes   to tell Run, she finds her hugging a girl she’s never seen before."," Comedy, School, Seinen, Slice of Life", 2011, Completed, A-Channel,C:\Users\Oloye\Desktop\gogo_anime\A_Channel_Special.jpg
A Day Before Us, ONA," A Day Before Us is an animated Korean drama of a special and sweet love story of the following four main characters; Yeo Reum, Ha Eun, Kim Wook, and Yeon Woo.", Romance, 2018, Completed, A Day Before Us (Season Zero),C:\Users\Oloye\Desktop\gogo_anime\A_Day_Before_Us.jpg
A Disguised Princess, ONA," ""Ken always disguised herself as a man. She was totally confused about why she got entangled with that man. Prince Milton"," Comedy, Drama, Fantasy, Gender Bender, Historical, Shoujo", 2021, Completed,,C:\Users\Oloye\Desktop\gogo_anime\A_Disguised_Princess.jpg
A Favorite Marriage is Coming, ONA,, Romance, 2019, Completed,,C:\Users\Oloye\Desktop\gogo_anime\A_Favorite_Marriage_is_Coming.jpg
A Game Between You and Me, ONA," After being cheated on by her boyfriend, Estrella, as a rookie, joined a video game club and accidentally ran into five wealthy young players and a video game teacher. Will they spoil or tease this lovely assistant?"," Adventure, Comedy, Romance", 2021, Completed,,C:\Users\Oloye\Desktop\gogo_anime\A_Game_Between_You_and_Me.jpg
A Letter to Momo (Dub), Movie," Momo is a young girl who grew up in a big city. However, following the premature loss of her father, she has to move with her mother to the old family house on a remote island. Here, time seems to have stopped", Drama, 2011, Completed," Momo e no Tegami, ももへの手紙",C:\Users\Oloye\Desktop\gogo_anime\A_Letter_to_Momo_Dub.jpg
A Little Snow Fairy Sugar, TV Series," Sugar, an apprentice Snow Fairy and her friend Salt and Pepper want to become official Season Fairies who have ability to make wind blow, snow fall, sun shine and something related with weather, they use their special instruments to create and control weather.... Sugar, an apprentice Snow Fairy and her friend Salt and Pepper want to become official Season Fairies who have ability to make wind blow, snow fall, sun shine and something related with weather, they use their special instruments to create and control weather. And just have only one way to become Season Fairies this is to find out the “Twinkles” which will make the magical flowers bloom. But none of them don’t know what a Twinkles is. Having a human girl name is Saga who can see Season Fairy. Saga help Sugar and her friend search for mysterious Twinkles and while trying to perfect their magic."," Comedy, Fantasy", 2001, Completed," Chicchana Yukitsukai Sugar, Tiny Snow Fairy Sugar, Chiccha na Yukitsukai Sugar, ちっちゃな雪使いシュガー",C:\Users\Oloye\Desktop\gogo_anime\A_Little_Snow_Fairy_Sugar.jpg
A Little Snow Fairy Sugar (Dub), TV Series," Season Fairies create and control the weather using special musical instruments. They make the wind blow, the snow fall, the sun shine; if it's something weather related, they are the ones who make it happen. Sugar, an apprentice Snow Fairy, and her friends Salt and Pepper, all want to become full-fledged Season Fairies, and the only way to achieve this is to search for and find the ""Twinkles"" that will make their magical flowers bloom. The only problem is that none of them have any idea what a Twinkle is. They enlist the somewhat unwilling help of Saga, a human girl who can see Season Fairies. Much to her annoyance, Saga's perfectly planned and ordered life has just become a little too lively for her taste. Together, they search for the mysterious Twinkles while trying to perfect their magic."," Comedy, Fantasy, Music, Shoujo", 2001, Completed," Chicchana Yukitsukai Sugar, Tiny Snow Fairy Sugar, Chiccha na Yukitsukai Sugar, ちっちゃな雪使いシュガー",C:\Users\Oloye\Desktop\gogo_anime\A_Little_Snow_Fairy_Sugar_Dub.jpg
A Master Of Pints, ONA," He has no special skills, but he mastered kung fu. The martial arts master, Duan Yun, came to a city, beats up rich people, and punishes gangsters. He also gives his affection to a high quality girl, a hot feisty cop, and cold business woman…"," Action, Adventure, Comedy, Ecchi, Harem, Martial Arts, Shounen", 2022, Ongoing," First Rate Master, A Decent Hitman, First-Class Master, Nhất Phẩm Cao Thủ, Top-ranking Kungfu Ace, Yipin Gaoshou, 一品高手, 古武術無双",C:\Users\Oloye\Desktop\gogo_anime\A_Master_Of_Pints.jpg
A playboy of exorcist, ONA," This is a two-year-old boy and alternative monster love to kill each other blood-soaked story. Boy, you just keep fighting and winning. It doesn't matter if you're an eight-armed monk or a pink skull. Is it the evil dragon with three eyes, or the grave lady with ten thousand years. I'll kill you with my sword, or I'll kill you with my cunt! Kill the demons and destroy the world. This is... who we are.", Comedy, 2020, Ongoing,,C:\Users\Oloye\Desktop\gogo_anime\A_playboy_of_exorcist.jpg
A Starry Tale (Dub), Movie," Constellations were created thousands years ago and they have been handed down generation after generation up to now. This show focuses on this great fact. In the show, you will see instruction on constellations and movement of the sun, moon and planets against constellations. An associated story from Greek myths is provided with beautiful CG including the tale of Astraea, the goddess of justice, who is closely related to the constellation Libra.", Fantasy, 2011, Completed,,C:\Users\Oloye\Desktop\gogo_anime\A_Starry_Tale_Dub.jpg
A stone-moving quack :The princess wants a divorce, ONA," Once through, but because of a bowl of heart blood almost killed! More helpless painful is, Cheat men who play with women's feelings and bully her with bad women, abuse her body and heart, still delusion makes her become medicine person to bad woman cure. Hateful, the tiger does not put on a show, really Thought I was a cat ! To cheat and play with women's feelings of the man, abuse of the bad woman, step by step to let them knowHow good I am. But...... What the matter is this king who climbs out of bed every night?""", Drama, 2020, Completed,,C:\Users\Oloye\Desktop\gogo_anime\A_stonemoving_quack_The_princess_wants_a_divorce.jpg
A Tree of Palme (Dub), Movie," Palme is a puppet created by a man to care for his sickly wife. After her death Palme becomes paralyzed with sorrow, that is, until a woman being pursed happens to cross paths with Palme and his creator and ask them to deliver something precious to a sacred place called Tama. Palme, mistaking her for his masters late wife, accepts the request. This becomes his first step to becoming more human in order to understand his own feelings."," Adventure, Drama, Fantasy, Romance", 2003, Completed," Palme no Ki, Arbre de Palmem, パルムの樹",C:\Users\Oloye\Desktop\gogo_anime\A_Tree_of_Palme_Dub.jpg
A Useless Onmyoji Family, ONA,," Comedy, Fantasy, Slice of Life", 2019, Completed," Mei Chu Xi De Yin Yang Shi Yi Jia, 没出息的阴阳师一家",C:\Users\Oloye\Desktop\gogo_anime\A_Useless_Onmyoji_Family.jpg
A Wind Named Amnesia, Movie," The Apocalypse didn't come with a BANG. Silently, the amnesia wind swept away all of mankind's knowledge. Thousands of years of human civilization vanished overnight as people forgot how to use the tools of modern civilization - who they were - how to speak - everything. Technology decayed as mankind was instantly reduced to level of cavemen.Now, two years later, a young man explores a nation reduced to barbarism - America. Miraculously re-educated after the cataclysm, he is accompanied by a young woman- somehow spared the obliterating effects of the amnesia wind. Pursued by a relentless killing machine, they search for those responsible for stealing their memories."," Action, Dementia, Drama, Sci-Fi", 1990, Completed," Kaze no Na wa Amnesia, Kaze no Namae wa Amunejia,風の名はアムネジア",C:\Users\Oloye\Desktop\gogo_anime\A_Wind_Named_Amnesia.jpg
A Wind Named Amnesia (Dub), Movie," It happened quite suddenly, with no warning - all the memories of all the people on Earth, swept away as if by a sudden wind. In a post-catastrophic Earth populated mostly by savages without memories of their past civilisation, one man travels on a journey of enlightenment and hope, across a devastated America."," Action, Dementia, Drama, Sci-Fi, Seinen", 1990, Completed," Kaze no Na wa Amnesia, Kaze no Namae wa Amunejia,風の名はアムネジア",C:\Users\Oloye\Desktop\gogo_anime\A_Wind_Named_Amnesia_Dub.jpg
A-Channel: Nabe wo Tabeyou, Special, A new episode included with the complete Blu-ray box collection of A-Channel.," Comedy, School, Seinen, Slice of Life", 2017, Completed, A-Channel,C:\Users\Oloye\Desktop\gogo_anime\AChannel_Nabe_wo_Tabeyou.jpg
A-Girl, OVA," High-school student Mariko and her elder sister Mayu are forced out of their apartment by a fire and move in with their landlord. Mariko meets the landlord's handsome son, Natsume, who is also a model. They fall in love but break up when Mariko discovers that Natsume is seeing other girls. Eventually, they are reunited, and the end credits roll. A-Girl has no dialog and is performed against a background of Japanese pop songs composed by Okada Tooru and sung in English! by SEIKA. Intertiles provide continuity, like in old silent films."," Music, Romance, School, Shoujo", 1993, Completed, A-Girl [エー・ガール],C:\Users\Oloye\Desktop\gogo_anime\AGirl.jpg
A.D. Police (Dub), TV Series," Set a few years before Bubblegum Crisis Tokyo 2040, A.D. Police chronicles the tales of Mega-Tokyo's special police division designed to control rogue Boomers in the city. A.D. Police Officer Kenji Sasaki faces a major dilemna"," Action, Mecha, Sci-Fi, Shounen", 1999, Completed," AD Police Files, A.D. Police, ADポリス",C:\Users\Oloye\Desktop\gogo_anime\AD_Police_Dub.jpg
A.D. Police (TV), TV Series," Set a few years before Bubblegum Crisis Tokyo 2040, A.D. Police chronicles the tales of Mega-Tokyo's special police division designed to control rogue Boomers in the city. A.D. Police Officer Kenji Sasaki faces a major dilemma"," Action, Mecha, Sci-Fi", 1999, Completed," AD Police, A.D. Police",C:\Users\Oloye\Desktop\gogo_anime\AD_Police_TV.jpg
A.D. Police (TV) (Dub), TV Series," Set a few years before Bubblegum Crisis Tokyo 2040, A.D. Police chronicles the tales of Mega-Tokyo's special police division designed to control rogue Boomers in the city. A.D. Police Officer Kenji Sasaki faces a major dilemma"," Action, Mecha, Sci-Fi", 1999, Completed," AD Police, A.D. Police",C:\Users\Oloye\Desktop\gogo_anime\AD_Police_TV_Dub.jpg
A.I.C.O.: Incarnation, ONA," Set in the near future in Japan, year 2035. A major incident was known as ""Burst"" which was caused by researching artificial life. A certain AI called ""Matter"" has eroded the Kurobe Gorge. Entering the research city, which has been called as humanity's last hope, has been prohibited by the government. Two years later, Aiko Tachibana, a 15-year-old girl who lost her family from the incident, was told by a transfer student named Yuuya Kanzaki the truth that Aiko didn't know regarding a secret hidden within her body. The key to solve the mystery is said to be in the Primary Point, the center of Burst. When a boy and a girl, who bears the future of humanity, meet, what will be the new truth?"," Action, Sci-Fi", 2018, Completed, A.I.C.O. -Incarnation-,C:\Users\Oloye\Desktop\gogo_anime\AICO_Incarnation.jpg
A.I.C.O.: Incarnation (Dub), ONA," Set in the near future in Japan, year 2035. A major incident was known as ""Burst"" which was caused by researching artificial life. A certain AI called ""Matter"" has eroded the Kurobe Gorge. Entering the research city, which has been called as humanity's last hope, has been prohibited by the government. Two years later, Aiko Tachibana, a 15-year-old girl who lost her family from the incident, was told by a transfer student named Yuuya Kanzaki the truth that Aiko didn't know regarding a secret hidden within her body. The key to solve the mystery is said to be in the Primary Point, the center of Burst. When a boy and a girl, who bears the future of humanity, meet, what will be the new truth?"," Action, Sci-Fi", 2018, Completed, A.I.C.O. -Incarnation-,C:\Users\Oloye\Desktop\gogo_anime\AICO_Incarnation_Dub.jpg
A.LI.CE, Movie," In the year 2000, Alice Hayashi wins a trip to the moon in a sweepstake. However, when her shuttle launches, something goes terribly wrong, and the next thing she knows, she has crashed somewhere in a frozen wasteland. Before she can get her bearings, strange soldiers begin to attack her, forcing her to flee. Eventually, Alice meets a young man called Yuan, who tells her that she is in Lapland in the year 2030. The soldiers pursuing her belong to Nero, an enigmatic leader who controls the world through his supercomputer. He is also responsible for reducing the Earth's population by over seven billion. Convinced that Nero has something to do with her time jump, Alice, Yuan, and the android maid Maria journey to Kingdom, the shadowy fortress that Nero rules from.", Sci-Fi, 2000, Completed,,C:\Users\Oloye\Desktop\gogo_anime\ALICE.jpg
A.LI.CE (Dub), Movie," In the year 2000, Alice Hayashi wins a trip to the moon in a sweepstake. However, when her shuttle launches, something goes terribly wrong, and the next thing she knows, she has crashed somewhere in a frozen wasteland. Before she can get her bearings, strange soldiers begin to attack her, forcing her to flee. Eventually, Alice meets a young man called Yuan, who tells her that she is in Lapland in the year 2030. The soldiers pursuing her belong to Nero, an enigmatic leader who controls the world through his supercomputer. He is also responsible for reducing the Earth's population by over seven billion. Convinced that Nero has something to do with her time jump, Alice, Yuan, and the android maid Maria journey to Kingdom, the shadowy fortress that Nero rules from.", Sci-Fi, 2000, Completed,,C:\Users\Oloye\Desktop\gogo_anime\ALICE_Dub.jpg
A3! Season Autumn & Winter, Fall 2020 Anime," ""Director! Please help us bloom!"" In Tokyo, there is a place called Velude Way. It is a district notorious for its performers and theatrical groups. Izumi Tachibana, who was previously a stage actress, arrives with a letter that reads, ""Full of debt! Zero customers! Only one actor!"" It describes the current state of the once-popular theater group Mankai Company. Her task is to rebuild the company to its former glory as the new owner and chief director."," Drama, Slice of Life", 2020, Completed, Act! Addict! Actors! Season Autumn & Winter,C:\Users\Oloye\Desktop\gogo_anime\A3_Season_Autumn__Winter.jpg
A3! Season Autumn & Winter (Dub), Fall 2020 Anime," With the completion of the Summer Troupe's show, Izumi Tachibana must now recruit five members for the next sub-troupe, the Autumn Troupe. Luckily, enough people arrive at the audition"," Drama, Slice of Life", 2020, Completed,,C:\Users\Oloye\Desktop\gogo_anime\A3_Season_Autumn__Winter_Dub.jpg
A3! Season Spring & Summer, Winter 2020 Anime," ""Director! Please help us bloom!"" In Tokyo, there is a place called Velude Way. It is a district notorious for its performers and theatrical groups. Izumi Tachibana, who was previously a stage actress, arrives with a letter that reads, ""Full of debt! Zero customers! Only one actor!"" It describes the current state of the once-popular theater group Mankai Company. Her task is to rebuild the company to its former glory as the new owner and chief director.", Music, 2020, Completed, Act! Addict! Actors! Season Spring & Summer,C:\Users\Oloye\Desktop\gogo_anime\A3_Season_Spring__Summer.jpg
A3! Season Spring & Summer (Dub), Winter 2020 Anime," ""Director! Please help us bloom!"" In Tokyo, there is a place called Velude Way. It is a district notorious for its performers and theatrical groups. Izumi Tachibana, who was previously a stage actress, arrives with a letter that reads, ""Full of debt! Zero customers! Only one actor!"" It describes the current state of the once-popular theater group Mankai Company. Her task is to rebuild the company to its former glory as the new owner and chief director.", Music, 2020, Completed, Act! Addict! Actors! Season Spring & Summer,C:\Users\Oloye\Desktop\gogo_anime\A3_Season_Spring__Summer_Dub.jpg
Aa Harimanada, TV Series," When Harimanada makes his grand entrance into the world of Sumo, he causes complete uproar throughout the entire arena. The novelty headmask is clearly not a good idea but not content with just ruffling the feathers of all the spectators, he sends the the entire Sumo Association into a frenzy when he arrogantly declares that he will surpass the legendary Futabayama's consecutive run of 69 victories. Should he fail to achieve such a feat, he will immediately retire all together. Harimanada's impudent remarks cause a huge backlash as every high-ranking Yokuzuna wants the chance to knock him down and humiliate him for showing such arrogance. Thus begins Harimanada's journey to the top as he battles to topple the entire Sumo hierarchy!"," Martial Arts, Seinen, Sports", 1992, Completed, ああ播磨灘,C:\Users\Oloye\Desktop\gogo_anime\Aa_Harimanada.jpg
Aa! Megami-sama!, OVA," When college student Keiichi Morisato dials the wrong number while ordering for some food at his dormitory, he accidentally gets connected to the Goddess Hotline and a beautiful goddess named Belldandy appears out of a mirror in front of him. After getting kicked out of the dorm, Keiichi and Belldandy move to an old shrine and soon afterwards, Belldandy's sisters Urd and Skuld move in."," Comedy, Magic, Romance, Seinen, Supernatural", 1993, Completed," Oh! My Goddess, ああっ女神さまっ",C:\Users\Oloye\Desktop\gogo_anime\Aa_Megamisama.jpg
Aa! Megami-sama! (Dub), OVA," When college student Keiichi Morisato dials the wrong number while ordering for some food at his dormitory, he accidentally gets connected to the Goddess Hotline and a beautiful goddess named Belldandy appears out of a mirror in front of him. After getting kicked out of the dorm, Keiichi and Belldandy move to an old shrine and soon afterwards, Belldandy's sisters Urd and Skuld move in."," Comedy, Dub, Romance, Seinen, Supernatural", 1993, Completed," Ah! My Goddess (OVA), ああっ女神さまっ, Oh! My Goddess",C:\Users\Oloye\Desktop\gogo_anime\Aa_Megamisama_Dub.jpg
Aa! Megami-sama! (TV) (Dub), TV Series," In a world where humans can have their wish granted via the Goddess Help Hotline, a human, Keiichi Morisato, summons the Goddess Belldandy by accident and jokes that she should stay with him forever. Unfortunately for him, his ""wish"" is granted. Suddenly, Keiichi is now living with this gorgeous woman all alone, causing him to be kicked out of the all-male dormitory he was staying in. But soon, after they find lodging in a Buddhist temple, Keiichi and Belldandy's relationship begins to blossom. Although they are both awkward and rather uncomfortable with one another at first, what awaits these two strangers could turn out to be an unexpected romance."," Comedy, Magic, Romance, Seinen, Supernatural", 0, Completed," Ah! My Goddess, ああっ女神さまっ",C:\Users\Oloye\Desktop\gogo_anime\Aa_Megamisama_TV_Dub.jpg
Aa! Megami-sama! (TV) Specials (Dub), Special," Due to the recent events that happened on the last episodes of the season, the Goddess have some stability problems with their body systems. The always adult looking Urd becomes a little girl and has a fateful encounter with a boy, whereas little Skuld becomes an adult and wants to experiment adulthood together with Keiichi."," Comedy, Dub, Romance, Seinen, Supernatural", 2005, Completed," ああっ女神さまっ, Oh! My Goddess Specials",C:\Users\Oloye\Desktop\gogo_anime\Aa_Megamisama_TV_Specials_Dub.jpg
Aa! Megami-sama! Tatakau Tsubasa, Special," An Angel Eater has been freed in Heaven. Since Goddesses and Angels share body and soul, losing your angel results in going into shock for the Goddess. Lind goes to Earth to protect Belldandy and the others unknowing that it is a trap."," Comedy, Harem, Romance, Seinen, Supernatural", 2007, Completed, Ah! My Goddess,C:\Users\Oloye\Desktop\gogo_anime\Aa_Megamisama_Tatakau_Tsubasa.jpg
Aa! Megami-sama!: Chichaitte Koto wa Benri da ne, TV Series," A large collection consisting of the adventures of the Goddesses featured in the anime and manga series Ah My Goddess. Parodies of other works, and a large number of jokes pervade this series of shorts in which the Goddesses torture and hang out with their friend Gan the rat."," Comedy, Magic, Supernatural", 1998, Completed, Oh! My Goddess,C:\Users\Oloye\Desktop\gogo_anime\Aa_Megamisama_Chichaitte_Koto_wa_Benri_da_ne.jpg
Aa! Megami-sama!: Chichaitte Koto wa Benri da ne (Dub), TV Series," A large collection consisting of the adventures of the Goddesses featured in the anime and manga series Ah My Goddess. Parodies of other works, and a large number of jokes pervade this series of shorts in which the Goddesses torture and hang out with their friend Gan the rat."," Comedy, Magic, Supernatural", 1998, Completed, Oh! My Goddess,C:\Users\Oloye\Desktop\gogo_anime\Aa_Megamisama_Chichaitte_Koto_wa_Benri_da_ne_Dub.jpg
Aachi and Ssipak, Movie," In the future, all energy sources are depleted, except human excrements. To reward production, people receive addictive, Popsicle-like Juicybars. Aachi and Ssipak are street hoodlums who struggle to survive by trading black market Juicybars. Through a chain of events involving their porn-director acquaintance Jimmy the Freak, they meet wannabe-actress Beautiful, whose defecations are rewarded by exceptional quantities of Juicybars. For that reason, Beautiful is also wanted by the violent blue mutants known as the Diaper Gang (led by the Diaper King), the police (most notably the cyborg police officer Geko), and others."," Action, Comedy", 2006, Completed," Aachi wa Ssipak, Aachi & Ssipak, 아치와 씨팍",C:\Users\Oloye\Desktop\gogo_anime\Aachi_and_Ssipak.jpg
Aachi wa Ssipak (Dub), Movie," Aachi and Ssipak are two likable street hoodlums who scrape by stealing and selling ""Juicybars,"" highly addictive blue popsicles distributed by the government in exchange for human excrement, the only usable fuel in Shibal, a dystopian, futuristic, post-apocalyptic city. Aachi and Ssipak hook up with ""Beautiful,"" a blue-haired, wannabe-actress with a lucrative knack for making the Juicybars pile up. Aachi, the entrepreneur, exploits her special talent and Ssipak, the romantic, falls in love with her. Rich in Juicybars, the threesome go on a rock star tear-up that makes them a target. They are pursued relentlessly by both the Diaper Gang, an army of violent blue mutants led by the Diaper King, and the police. AACHI AND SSIPAK is a crazy, high-octane story driven by a contemporary dubstep soundtrack by Mad Decent with some of the most mind-blowing action scenes ever to be animated."," Action, Comedy", 2006, Completed," Aachi and Ssipak, Aachi & Ssipak, 아치와 씨팍",C:\Users\Oloye\Desktop\gogo_anime\Aachi_wa_Ssipak_Dub.jpg
Abarenbou Rikishi!! Matsutarou, Spring 2014 Anime," Based on the sports manga series written and illustrated by Chiba Tetsuya about sumo wrestling. The story follows Sakaguchi Matsutarou, a giant roughneck man with strength far beyond ordinary people. He never uttered words like work hard, strive, and dream like the typical shounen manga protagonist. However, he is stronger than anyone and peerless in sumo wrestling. His greatest weakness is his own carefree personality. He grows into a full-fledged sumo wrestler."," Seinen, Sports", 2014, Completed," Rowdy Sumo Wrestler Matsutaro!!, Roughneck Sumo Wrestler!! Matsutarou, 暴れん坊力士！！松太郎",C:\Users\Oloye\Desktop\gogo_anime\Abarenbou_Rikishi_Matsutarou.jpg
Abciee Shuugyou Nikki, Winter 2021 Anime," ABCiee is a bit klutzy and ditsy, but he's full of spunk and he starts his dream job at a TV station! This is a work comedy filled with all kinds of hijinks! ""I never knew it was so hard working at a TV station, ciee!"" Despite having to face the unknown rules of the TV business, unique coworkers, and guest stars who have very particular quirks, ABCiee takes them head on with his positivity. Work, love, family, whatever goes!! Please watch over ABCiee as he takes on the TV business.", Comedy, 2021, Completed, エビシー修業日記,C:\Users\Oloye\Desktop\gogo_anime\Abciee_Shuugyou_Nikki.jpg
Abducted King Lanling as Movie Emperor, ONA," History of the most venomous tongue after chu yan encounter through and come spoonful lanling king, chu yan", Romance, 2020, Completed,,C:\Users\Oloye\Desktop\gogo_anime\Abducted_King_Lanling_as_Movie_Emperor.jpg
Abenobashi, TV Series," Imamiya Satoshi, “Sasshi” to his friends, has grown up in the Abenobashi Shopping Arcade in Osaka, along with his childhood friend, Asahina Arumi. Now, all that was stable in his life is in ruins. His family’s bath house has closed and been torn down, and Arumi’s family is moving to Hokkaido – and taking her with them. In the midst of all this, something happens to the framework of reality, and Sasshi and Arumi slip into a weird parallel world. It’s still Abenobashi, but not their Abenobashi. Strange things are afoot, and Sasshi must find out their meaning, in order to reach a goal that he barely understands."," Comedy, Ecchi, Fantasy, Parody", 2002, Completed," Abenobashi Mahou☆Shoutengai, Magical☆Shopping Arcade Abenobashi, Abenobashi Magic Shopping District, Abenobashi Mahoh Shotengai, Magical Shopping Street Abenobashi, Magical Shopping Arcade Abenobashi, アベノ橋魔法☆商店街",C:\Users\Oloye\Desktop\gogo_anime\Abenobashi.jpg
Abenobashi Mahou Shoutengai (Dub), TV Series," Childhood friends Arumi and Sasshi are residents of the Abenobashi commercial district in Abeno-ku, Osaka. After an accident, they find themselves transported to an alternate sword and sorcery world. Their attempt to get back to reality finds them traversing a series of nonsensical worlds built on science fiction, war, fantasy, dating sim games and American movies. Each alternate Abenobashi is a surreal manifestation of Sasshi's otaku interests, populated by analogs of the protagonist's relatives and acquaintances and a blue-haired stranger known as Eutus."," Comedy, Ecchi, Fantasy, Parody", 2002, Completed," Abenobashi Mahou☆Shoutengai, Magical☆Shopping Arcade Abenobashi, Abenobashi Magic Shopping District, Abenobashi Mahoh Shotengai, Magical Shopping Street Abenobashi, Magical Shopping Arcade Abenobashi, アベノ橋魔法☆商店街",C:\Users\Oloye\Desktop\gogo_anime\Abenobashi_Mahou_Shoutengai_Dub.jpg
Above Ten Thousand People, ONA," Yi Feng found himself in the realm of cultivation but was dismayed to discover that he lacked the innate talent known as “spiritual roots” required for cultivation. Believing himself to be an ordinary person, he could only practice martial arts, recruit disciples, and sell books, leading a mediocre life akin to a salted fish. Little did he know that his abilities surpassed the boundaries of the three realms and transcended the five elements."," Action, Comedy, Harem, Martial Arts, Romance, Shounen", 2023, Ongoing, 万人之上 / 萬人之上 / 偽りの武神 / Above Myriads / Beyond Myriad Peoples / Beyond a Myria of Peoples / Who Is Your Daddy / Người Trên Vạn Người,C:\Users\Oloye\Desktop\gogo_anime\Above_Ten_Thousand_People.jpg
Absolute Duo, Winter 2015 Anime," After losing a loved one, Tooru Kokonoe enrolls at Kouryou Academy so as to gain a ""Blaze,"" a weapon that is his soul manifestation, for the sake of revenge. He was expecting a weapon... What he got was a shield... How is he to seek revenge with something that isn't even a weapon?!"," Action, Ecchi, Harem, Romance, School, Supernatural", 2015, Completed, アブソリュート・デュオ,C:\Users\Oloye\Desktop\gogo_anime\Absolute_Duo.jpg
